,ESYE_ID,PREFECTURE
0,42160000,ΛΑΡΙΣΑΣ
1,42220000,ΛΑΡΙΣΑΣ
2,98690000,ΑΤΤΙΚΗΣ
3,71060000,ΕΒΡΟΥ
4,71070000,ΕΒΡΟΥ
5,42630000,ΛΑΡΙΣΑΣ
6,61010000,ΠΙΕΡΙΑΣ
7,81100000,ΔΩΔΕΚΑΝΗΣΩΝ
8,81150000,ΔΩΔΕΚΑΝΗΣΩΝ
9,81160000,ΔΩΔΕΚΑΝΗΣΩΝ
10,81210000,ΔΩΔΕΚΑΝΗΣΩΝ
11,81610000,ΔΩΔΕΚΑΝΗΣΩΝ
12,84010000,ΣΑΜΟΥ
13,61020000,ΠΙΕΡΙΑΣ
14,98720000,ΑΤΤΙΚΗΣ
15,98800000,ΑΤΤΙΚΗΣ
16,96020000,ΠΕΙΡΑΙΩΣ ΚΑΙ ΝΗΣΩΝ
17,98730000,ΑΤΤΙΚΗΣ
18,98740000,ΑΤΤΙΚΗΣ
19,98810000,ΑΤΤΙΚΗΣ
20,98780000,ΑΤΤΙΚΗΣ
21,98790000,ΑΤΤΙΚΗΣ
22,99420000,ΑΤΤΙΚΗΣ
23,98820000,ΑΤΤΙΚΗΣ
24,98840000,ΑΤΤΙΚΗΣ
25,99030000,ΑΤΤΙΚΗΣ
26,99080000,ΑΤΤΙΚΗΣ
27,3610000,ΒΟΙΩΤΙΑΣ
28,99280000,ΑΤΤΙΚΗΣ
29,3620000,ΒΟΙΩΤΙΑΣ
30,99380000,ΑΤΤΙΚΗΣ
31,6030000,ΦΘΙΩΤΙΔΑΣ
32,6050000,ΦΘΙΩΤΙΔΑΣ
33,99430000,ΑΤΤΙΚΗΣ
34,6070000,ΦΘΙΩΤΙΔΑΣ
35,6090000,ΦΘΙΩΤΙΔΑΣ
36,99440000,ΑΤΤΙΚΗΣ
37,43080000,ΜΑΓΝΗΣΙΑΣ
38,99100000,ΑΤΤΙΚΗΣ
39,99230000,ΑΤΤΙΚΗΣ
40,99240000,ΑΤΤΙΚΗΣ
41,99250000,ΑΤΤΙΚΗΣ
42,6220000,ΦΘΙΩΤΙΔΑΣ
43,81030000,ΔΩΔΕΚΑΝΗΣΩΝ
44,81120000,ΔΩΔΕΚΑΝΗΣΩΝ
45,81130000,ΔΩΔΕΚΑΝΗΣΩΝ
46,81620000,ΔΩΔΕΚΑΝΗΣΩΝ
47,99610000,ΑΤΤΙΚΗΣ
48,99620000,ΑΤΤΙΚΗΣ
49,99630000,ΑΤΤΙΚΗΣ
50,23010000,ΚΕΦΑΛΛΟΝΙΑΣ
51,23020000,ΚΕΦΑΛΛΟΝΙΑΣ
52,23030000,ΚΕΦΑΛΛΟΝΙΑΣ
53,23040000,ΚΕΦΑΛΛΟΝΙΑΣ
54,99110000,ΑΤΤΙΚΗΣ
55,23050000,ΚΕΦΑΛΛΟΝΙΑΣ
56,23060000,ΚΕΦΑΛΛΟΝΙΑΣ
57,23070000,ΚΕΦΑΛΛΟΝΙΑΣ
58,23080000,ΚΕΦΑΛΛΟΝΙΑΣ
59,23610000,ΚΕΦΑΛΛΟΝΙΑΣ
60,71110000,ΕΒΡΟΥ
61,73010000,ΡΟΔΟΠΗΣ
62,73020000,ΡΟΔΟΠΗΣ
63,73030000,ΡΟΔΟΠΗΣ
64,73040000,ΡΟΔΟΠΗΣ
65,73050000,ΡΟΔΟΠΗΣ
66,73080000,ΡΟΔΟΠΗΣ
67,73090000,ΡΟΔΟΠΗΣ
68,73620000,ΡΟΔΟΠΗΣ
69,73630000,ΡΟΔΟΠΗΣ
70,15020000,ΚΟΡΙΝΘΙΑΣ
71,15010000,ΚΟΡΙΝΘΙΑΣ
72,15030000,ΚΟΡΙΝΘΙΑΣ
73,15040000,ΚΟΡΙΝΘΙΑΣ
74,15050000,ΚΟΡΙΝΘΙΑΣ
75,94010000,ΧΑΝΙΩΝ
76,15060000,ΚΟΡΙΝΘΙΑΣ
77,15070000,ΚΟΡΙΝΘΙΑΣ
78,15080000,ΚΟΡΙΝΘΙΑΣ
79,15090000,ΚΟΡΙΝΘΙΑΣ
80,15100000,ΚΟΡΙΝΘΙΑΣ
81,15110000,ΚΟΡΙΝΘΙΑΣ
82,15120000,ΚΟΡΙΝΘΙΑΣ
83,15130000,ΚΟΡΙΝΘΙΑΣ
84,15140000,ΚΟΡΙΝΘΙΑΣ
85,94020000,ΧΑΝΙΩΝ
86,94030000,ΧΑΝΙΩΝ
87,99160000,ΑΤΤΙΚΗΣ
88,94040000,ΧΑΝΙΩΝ
89,94060000,ΧΑΝΙΩΝ
90,94050000,ΧΑΝΙΩΝ
91,94080000,ΧΑΝΙΩΝ
92,94090000,ΧΑΝΙΩΝ
93,94100000,ΧΑΝΙΩΝ
94,94110000,ΧΑΝΙΩΝ
95,94120000,ΧΑΝΙΩΝ
96,94130000,ΧΑΝΙΩΝ
97,94140000,ΧΑΝΙΩΝ
98,94150000,ΧΑΝΙΩΝ
99,94170000,ΧΑΝΙΩΝ
100,94160000,ΧΑΝΙΩΝ
101,94180000,ΧΑΝΙΩΝ
102,94190000,ΧΑΝΙΩΝ
103,94210000,ΧΑΝΙΩΝ
104,94220000,ΧΑΝΙΩΝ
105,94200000,ΧΑΝΙΩΝ
106,94230000,ΧΑΝΙΩΝ
107,42640000,ΛΑΡΙΣΑΣ
108,12160000,ΑΡΚΑΔΙΑΣ
109,12170000,ΑΡΚΑΔΙΑΣ
110,12190000,ΑΡΚΑΔΙΑΣ
111,83030000,ΛΕΣΒΟΥ
112,11610000,ΑΡΓΟΛΙΔΟΣ
113,12010000,ΑΡΚΑΔΙΑΣ
114,12030000,ΑΡΚΑΔΙΑΣ
115,12050000,ΑΡΚΑΔΙΑΣ
116,12060000,ΑΡΚΑΔΙΑΣ
117,12070000,ΑΡΚΑΔΙΑΣ
118,12080000,ΑΡΚΑΔΙΑΣ
119,12090000,ΑΡΚΑΔΙΑΣ
120,12110000,ΑΡΚΑΔΙΑΣ
121,12120000,ΑΡΚΑΔΙΑΣ
122,12130000,ΑΡΚΑΔΙΑΣ
123,12150000,ΑΡΚΑΔΙΑΣ
124,12180000,ΑΡΚΑΔΙΑΣ
125,12220000,ΑΡΚΑΔΙΑΣ
126,13120000,ΑΧΑΙΑΣ
127,91120000,ΗΡΑΚΛΕΙΟΥ
128,33610000,ΙΩΑΝΝΙΝΩΝ
129,13150000,ΑΧΑΙΑΣ
130,14050000,ΗΛΕΙΑΣ
131,15150000,ΚΟΡΙΝΘΙΑΣ
132,17140000,ΜΕΣΣΗΝΙΑΣ
133,33180000,ΙΩΑΝΝΙΝΩΝ
134,56010000,ΚΑΣΤΟΡΙΑΣ
135,56020000,ΚΑΣΤΟΡΙΑΣ
136,56100000,ΚΑΣΤΟΡΙΑΣ
137,56110000,ΚΑΣΤΟΡΙΑΣ
138,56030000,ΚΑΣΤΟΡΙΑΣ
139,56120000,ΚΑΣΤΟΡΙΑΣ
140,56040000,ΚΑΣΤΟΡΙΑΣ
141,56050000,ΚΑΣΤΟΡΙΑΣ
142,56060000,ΚΑΣΤΟΡΙΑΣ
143,56070000,ΚΑΣΤΟΡΙΑΣ
144,56080000,ΚΑΣΤΟΡΙΑΣ
145,56090000,ΚΑΣΤΟΡΙΑΣ
146,56620000,ΚΑΣΤΟΡΙΑΣ
147,63610000,ΦΛΩΡΙΝΑΣ
148,56630000,ΚΑΣΤΟΡΙΑΣ
149,58120000,ΚΟΖΑΝΗΣ
150,63020000,ΦΛΩΡΙΝΑΣ
151,63620000,ΦΛΩΡΙΝΑΣ
152,63630000,ΦΛΩΡΙΝΑΣ
153,14130000,ΗΛΕΙΑΣ
154,14070000,ΗΛΕΙΑΣ
155,21010000,ΖΑΚΥΝΘΟΥ
156,21020000,ΖΑΚΥΝΘΟΥ
157,21030000,ΖΑΚΥΝΘΟΥ
158,3070000,ΒΟΙΩΤΙΑΣ
159,3150000,ΒΟΙΩΤΙΑΣ
160,96130000,ΠΕΙΡΑΙΩΣ ΚΑΙ ΝΗΣΩΝ
161,33140000,ΙΩΑΝΝΙΝΩΝ
162,33150000,ΙΩΑΝΝΙΝΩΝ
163,21040000,ΖΑΚΥΝΘΟΥ
164,21050000,ΖΑΚΥΝΘΟΥ
165,21060000,ΖΑΚΥΝΘΟΥ
166,52010000,ΔΡΑΜΑΣ
167,52020000,ΔΡΑΜΑΣ
168,52030000,ΔΡΑΜΑΣ
169,52040000,ΔΡΑΜΑΣ
170,52050000,ΔΡΑΜΑΣ
171,52060000,ΔΡΑΜΑΣ
172,52070000,ΔΡΑΜΑΣ
173,52080000,ΔΡΑΜΑΣ
174,52610000,ΔΡΑΜΑΣ
175,96030000,ΠΕΙΡΑΙΩΣ ΚΑΙ ΝΗΣΩΝ
176,94620000,ΧΑΝΙΩΝ
177,82010000,ΚΥΚΛΑΔΩΝ
178,96620000,ΠΕΙΡΑΙΩΣ ΚΑΙ ΝΗΣΩΝ
179,62020000,ΣΕΡΡΩΝ
180,82020000,ΚΥΚΛΑΔΩΝ
181,97020000,ΑΤΤΙΚΗΣ
182,62100000,ΣΕΡΡΩΝ
183,61030000,ΠΙΕΡΙΑΣ
184,61040000,ΠΙΕΡΙΑΣ
185,61050000,ΠΙΕΡΙΑΣ
186,61060000,ΠΙΕΡΙΑΣ
187,61070000,ΠΙΕΡΙΑΣ
188,61080000,ΠΙΕΡΙΑΣ
189,61090000,ΠΙΕΡΙΑΣ
190,61100000,ΠΙΕΡΙΑΣ
191,61110000,ΠΙΕΡΙΑΣ
192,61120000,ΠΙΕΡΙΑΣ
193,61130000,ΠΙΕΡΙΑΣ
194,62150000,ΣΕΡΡΩΝ
195,62160000,ΣΕΡΡΩΝ
196,97040000,ΑΤΤΙΚΗΣ
197,97050000,ΑΤΤΙΚΗΣ
198,6620000,ΦΘΙΩΤΙΔΑΣ
199,97070000,ΑΤΤΙΚΗΣ
200,97100000,ΑΤΤΙΚΗΣ
201,97080000,ΑΤΤΙΚΗΣ
202,5100000,ΕΥΡΥΤΑΝΙΑΣ
203,5110000,ΕΥΡΥΤΑΝΙΑΣ
204,6020000,ΦΘΙΩΤΙΔΑΣ
205,6140000,ΦΘΙΩΤΙΔΑΣ
206,6200000,ΦΘΙΩΤΙΔΑΣ
207,41160000,ΚΑΡΔΙΤΣΑΣ
208,97610000,ΑΤΤΙΚΗΣ
209,96040000,ΠΕΙΡΑΙΩΣ ΚΑΙ ΝΗΣΩΝ
210,3040000,ΒΟΙΩΤΙΑΣ
211,6040000,ΦΘΙΩΤΙΔΑΣ
212,97090000,ΑΤΤΙΚΗΣ
213,97620000,ΑΤΤΙΚΗΣ
214,82030000,ΚΥΚΛΑΔΩΝ
215,82040000,ΚΥΚΛΑΔΩΝ
216,31630000,ΑΡΤΑΣ
217,33010000,ΙΩΑΝΝΙΝΩΝ
218,33020000,ΙΩΑΝΝΙΝΩΝ
219,33030000,ΙΩΑΝΝΙΝΩΝ
220,33040000,ΙΩΑΝΝΙΝΩΝ
221,96050000,ΠΕΙΡΑΙΩΣ ΚΑΙ ΝΗΣΩΝ
222,33050000,ΙΩΑΝΝΙΝΩΝ
223,33060000,ΙΩΑΝΝΙΝΩΝ
224,33080000,ΙΩΑΝΝΙΝΩΝ
225,33090000,ΙΩΑΝΝΙΝΩΝ
226,33100000,ΙΩΑΝΝΙΝΩΝ
227,33110000,ΙΩΑΝΝΙΝΩΝ
228,33120000,ΙΩΑΝΝΙΝΩΝ
229,33130000,ΙΩΑΝΝΙΝΩΝ
230,33620000,ΙΩΑΝΝΙΝΩΝ
231,33630000,ΙΩΑΝΝΙΝΩΝ
232,98660000,ΑΤΤΙΚΗΣ
233,33650000,ΙΩΑΝΝΙΝΩΝ
234,98680000,ΑΤΤΙΚΗΣ
235,33660000,ΙΩΑΝΝΙΝΩΝ
236,33670000,ΙΩΑΝΝΙΝΩΝ
237,99130000,ΑΤΤΙΚΗΣ
238,33690000,ΙΩΑΝΝΙΝΩΝ
239,96060000,ΠΕΙΡΑΙΩΣ ΚΑΙ ΝΗΣΩΝ
240,96070000,ΠΕΙΡΑΙΩΣ ΚΑΙ ΝΗΣΩΝ
241,33700000,ΙΩΑΝΝΙΝΩΝ
242,33720000,ΙΩΑΝΝΙΝΩΝ
243,44610000,ΤΡΙΚΑΛΩΝ
244,57040000,ΚΙΛΚΙΣ
245,33710000,ΙΩΑΝΝΙΝΩΝ
246,42230000,ΛΑΡΙΣΑΣ
247,42250000,ΛΑΡΙΣΑΣ
248,42270000,ΛΑΡΙΣΑΣ
249,96100000,ΠΕΙΡΑΙΩΣ ΚΑΙ ΝΗΣΩΝ
250,57610000,ΚΙΛΚΙΣ
251,58060000,ΚΟΖΑΝΗΣ
252,59010000,ΠΕΛΛΑΣ
253,59020000,ΠΕΛΛΑΣ
254,59030000,ΠΕΛΛΑΣ
255,59050000,ΠΕΛΛΑΣ
256,59070000,ΠΕΛΛΑΣ
257,59080000,ΠΕΛΛΑΣ
258,59090000,ΠΕΛΛΑΣ
259,59110000,ΠΕΛΛΑΣ
260,96110000,ΠΕΙΡΑΙΩΣ ΚΑΙ ΝΗΣΩΝ
261,63080000,ΦΛΩΡΙΝΑΣ
262,1090000,ΑΙΤΩΛΟΑΚΑΡΝΑΝΙΑΣ
263,1220000,ΑΙΤΩΛΟΑΚΑΡΝΑΝΙΑΣ
264,1240000,ΑΙΤΩΛΟΑΚΑΡΝΑΝΙΑΣ
265,1250000,ΑΙΤΩΛΟΑΚΑΡΝΑΝΙΑΣ
266,5010000,ΕΥΡΥΤΑΝΙΑΣ
267,5020000,ΕΥΡΥΤΑΝΙΑΣ
268,5030000,ΕΥΡΥΤΑΝΙΑΣ
269,99340000,ΑΤΤΙΚΗΣ
270,5040000,ΕΥΡΥΤΑΝΙΑΣ
271,7040000,ΦΩΚΙΔΟΣ
272,7050000,ΦΩΚΙΔΟΣ
273,99170000,ΑΤΤΙΚΗΣ
274,82200000,ΚΥΚΛΑΔΩΝ
275,82620000,ΚΥΚΛΑΔΩΝ
276,7060000,ΦΩΚΙΔΟΣ
277,7080000,ΦΩΚΙΔΟΣ
278,7100000,ΦΩΚΙΔΟΣ
279,99210000,ΑΤΤΙΚΗΣ
280,99220000,ΑΤΤΙΚΗΣ
281,7110000,ΦΩΚΙΔΟΣ
282,7120000,ΦΩΚΙΔΟΣ
283,99200000,ΑΤΤΙΚΗΣ
284,13020000,ΑΧΑΙΑΣ
285,99260000,ΑΤΤΙΚΗΣ
286,13040000,ΑΧΑΙΑΣ
287,1020000,ΑΙΤΩΛΟΑΚΑΡΝΑΝΙΑΣ
288,1030000,ΑΙΤΩΛΟΑΚΑΡΝΑΝΙΑΣ
289,1040000,ΑΙΤΩΛΟΑΚΑΡΝΑΝΙΑΣ
290,1110000,ΑΙΤΩΛΟΑΚΑΡΝΑΝΙΑΣ
291,99290000,ΑΤΤΙΚΗΣ
292,99300000,ΑΤΤΙΚΗΣ
293,1130000,ΑΙΤΩΛΟΑΚΑΡΝΑΝΙΑΣ
294,99310000,ΑΤΤΙΚΗΣ
295,1160000,ΑΙΤΩΛΟΑΚΑΡΝΑΝΙΑΣ
296,99350000,ΑΤΤΙΚΗΣ
297,1200000,ΑΙΤΩΛΟΑΚΑΡΝΑΝΙΑΣ
298,1210000,ΑΙΤΩΛΟΑΚΑΡΝΑΝΙΑΣ
299,99360000,ΑΤΤΙΚΗΣ
300,99370000,ΑΤΤΙΚΗΣ
301,1230000,ΑΙΤΩΛΟΑΚΑΡΝΑΝΙΑΣ
302,1270000,ΑΙΤΩΛΟΑΚΑΡΝΑΝΙΑΣ
303,99390000,ΑΤΤΙΚΗΣ
304,1280000,ΑΙΤΩΛΟΑΚΑΡΝΑΝΙΑΣ
305,99400000,ΑΤΤΙΚΗΣ
306,99410000,ΑΤΤΙΚΗΣ
307,99450000,ΑΤΤΙΚΗΣ
308,4090000,ΕΥΒΟΙΑΣ
309,4130000,ΕΥΒΟΙΑΣ
310,4180000,ΕΥΒΟΙΑΣ
311,4230000,ΕΥΒΟΙΑΣ
312,1290000,ΑΙΤΩΛΟΑΚΑΡΝΑΝΙΑΣ
313,13110000,ΑΧΑΙΑΣ
314,42010000,ΛΑΡΙΣΑΣ
315,42030000,ΛΑΡΙΣΑΣ
316,42060000,ΛΑΡΙΣΑΣ
317,42070000,ΛΑΡΙΣΑΣ
318,42080000,ΛΑΡΙΣΑΣ
319,42100000,ΛΑΡΙΣΑΣ
320,42110000,ΛΑΡΙΣΑΣ
321,42120000,ΛΑΡΙΣΑΣ
322,42130000,ΛΑΡΙΣΑΣ
323,42140000,ΛΑΡΙΣΑΣ
324,42150000,ΛΑΡΙΣΑΣ
325,42170000,ΛΑΡΙΣΑΣ
326,42200000,ΛΑΡΙΣΑΣ
327,42210000,ΛΑΡΙΣΑΣ
328,42610000,ΛΑΡΙΣΑΣ
329,44220000,ΤΡΙΚΑΛΩΝ
330,12140000,ΑΡΚΑΔΙΑΣ
331,98650000,ΑΤΤΙΚΗΣ
332,12610000,ΑΡΚΑΔΙΑΣ
333,82610000,ΚΥΚΛΑΔΩΝ
334,16010000,ΛΑΚΩΝΙΑΣ
335,16020000,ΛΑΚΩΝΙΑΣ
336,16030000,ΛΑΚΩΝΙΑΣ
337,16040000,ΛΑΚΩΝΙΑΣ
338,16050000,ΛΑΚΩΝΙΑΣ
339,16060000,ΛΑΚΩΝΙΑΣ
340,16070000,ΛΑΚΩΝΙΑΣ
341,16080000,ΛΑΚΩΝΙΑΣ
342,16090000,ΛΑΚΩΝΙΑΣ
343,16100000,ΛΑΚΩΝΙΑΣ
344,16110000,ΛΑΚΩΝΙΑΣ
345,16120000,ΛΑΚΩΝΙΑΣ
346,16130000,ΛΑΚΩΝΙΑΣ
347,16140000,ΛΑΚΩΝΙΑΣ
348,16150000,ΛΑΚΩΝΙΑΣ
349,16160000,ΛΑΚΩΝΙΑΣ
350,16170000,ΛΑΚΩΝΙΑΣ
351,16180000,ΛΑΚΩΝΙΑΣ
352,16190000,ΛΑΚΩΝΙΑΣ
353,16200000,ΛΑΚΩΝΙΑΣ
354,16610000,ΛΑΚΩΝΙΑΣ
355,16620000,ΛΑΚΩΝΙΑΣ
356,17190000,ΜΕΣΣΗΝΙΑΣ
357,96080000,ΠΕΙΡΑΙΩΣ ΚΑΙ ΝΗΣΩΝ
358,82070000,ΚΥΚΛΑΔΩΝ
359,91010000,ΗΡΑΚΛΕΙΟΥ
360,91040000,ΗΡΑΚΛΕΙΟΥ
361,91020000,ΗΡΑΚΛΕΙΟΥ
362,91030000,ΗΡΑΚΛΕΙΟΥ
363,91050000,ΗΡΑΚΛΕΙΟΥ
364,91070000,ΗΡΑΚΛΕΙΟΥ
365,91080000,ΗΡΑΚΛΕΙΟΥ
366,91090000,ΗΡΑΚΛΕΙΟΥ
367,91100000,ΗΡΑΚΛΕΙΟΥ
368,91160000,ΗΡΑΚΛΕΙΟΥ
369,91180000,ΗΡΑΚΛΕΙΟΥ
370,91110000,ΗΡΑΚΛΕΙΟΥ
371,91130000,ΗΡΑΚΛΕΙΟΥ
372,91140000,ΗΡΑΚΛΕΙΟΥ
373,91190000,ΗΡΑΚΛΕΙΟΥ
374,91150000,ΗΡΑΚΛΕΙΟΥ
375,71010000,ΕΒΡΟΥ
376,71020000,ΕΒΡΟΥ
377,71030000,ΕΒΡΟΥ
378,91200000,ΗΡΑΚΛΕΙΟΥ
379,98140000,ΑΤΤΙΚΗΣ
380,71040000,ΕΒΡΟΥ
381,71050000,ΕΒΡΟΥ
382,91210000,ΗΡΑΚΛΕΙΟΥ
383,91220000,ΗΡΑΚΛΕΙΟΥ
384,71080000,ΕΒΡΟΥ
385,71090000,ΕΒΡΟΥ
386,71100000,ΕΒΡΟΥ
387,71120000,ΕΒΡΟΥ
388,71130000,ΕΒΡΟΥ
389,81070000,ΔΩΔΕΚΑΝΗΣΩΝ
390,84020000,ΣΑΜΟΥ
391,98170000,ΑΤΤΙΚΗΣ
392,84030000,ΣΑΜΟΥ
393,54170000,ΘΕΣΣΑΛΟΝΙΚΗΣ
394,84040000,ΣΑΜΟΥ
395,54180000,ΘΕΣΣΑΛΟΝΙΚΗΣ
396,54190000,ΘΕΣΣΑΛΟΝΙΚΗΣ
397,84050000,ΣΑΜΟΥ
398,84060000,ΣΑΜΟΥ
399,84070000,ΣΑΜΟΥ
400,84080000,ΣΑΜΟΥ
401,96010000,ΠΕΙΡΑΙΩΣ ΚΑΙ ΝΗΣΩΝ
402,98670000,ΑΤΤΙΚΗΣ
403,96610000,ΠΕΙΡΑΙΩΣ ΚΑΙ ΝΗΣΩΝ
404,62650000,ΣΕΡΡΩΝ
405,98080000,ΑΤΤΙΚΗΣ
406,82050000,ΚΥΚΛΑΔΩΝ
407,82060000,ΚΥΚΛΑΔΩΝ
408,82080000,ΚΥΚΛΑΔΩΝ
409,82100000,ΚΥΚΛΑΔΩΝ
410,99020000,ΑΤΤΙΚΗΣ
411,99070000,ΑΤΤΙΚΗΣ
412,99270000,ΑΤΤΙΚΗΣ
413,58150000,ΚΟΖΑΝΗΣ
414,54030000,ΘΕΣΣΑΛΟΝΙΚΗΣ
415,54070000,ΘΕΣΣΑΛΟΝΙΚΗΣ
416,54210000,ΘΕΣΣΑΛΟΝΙΚΗΣ
417,57110000,ΚΙΛΚΙΣ
418,3140000,ΒΟΙΩΤΙΑΣ
419,6170000,ΦΘΙΩΤΙΔΑΣ
420,6190000,ΦΘΙΩΤΙΔΑΣ
421,6210000,ΦΘΙΩΤΙΔΑΣ
422,6230000,ΦΘΙΩΤΙΔΑΣ
423,54260000,ΘΕΣΣΑΛΟΝΙΚΗΣ
424,54350000,ΘΕΣΣΑΛΟΝΙΚΗΣ
425,64010000,ΧΑΛΚΙΔΙΚΗΣ
426,64020000,ΧΑΛΚΙΔΙΚΗΣ
427,64030000,ΧΑΛΚΙΔΙΚΗΣ
428,54280000,ΘΕΣΣΑΛΟΝΙΚΗΣ
429,54290000,ΘΕΣΣΑΛΟΝΙΚΗΣ
430,64040000,ΧΑΛΚΙΔΙΚΗΣ
431,64050000,ΧΑΛΚΙΔΙΚΗΣ
432,64060000,ΧΑΛΚΙΔΙΚΗΣ
433,64070000,ΧΑΛΚΙΔΙΚΗΣ
434,64080000,ΧΑΛΚΙΔΙΚΗΣ
435,64090000,ΧΑΛΚΙΔΙΚΗΣ
436,64100000,ΧΑΛΚΙΔΙΚΗΣ
437,64110000,ΧΑΛΚΙΔΙΚΗΣ
438,73060000,ΡΟΔΟΠΗΣ
439,73070000,ΡΟΔΟΠΗΣ
440,64140000,ΧΑΛΚΙΔΙΚΗΣ
441,54080000,ΘΕΣΣΑΛΟΝΙΚΗΣ
442,54360000,ΘΕΣΣΑΛΟΝΙΚΗΣ
443,62010000,ΣΕΡΡΩΝ
444,62030000,ΣΕΡΡΩΝ
445,62040000,ΣΕΡΡΩΝ
446,62050000,ΣΕΡΡΩΝ
447,62060000,ΣΕΡΡΩΝ
448,62070000,ΣΕΡΡΩΝ
449,62080000,ΣΕΡΡΩΝ
450,62110000,ΣΕΡΡΩΝ
451,62120000,ΣΕΡΡΩΝ
452,62130000,ΣΕΡΡΩΝ
453,62140000,ΣΕΡΡΩΝ
454,62170000,ΣΕΡΡΩΝ
455,62180000,ΣΕΡΡΩΝ
456,62190000,ΣΕΡΡΩΝ
457,62200000,ΣΕΡΡΩΝ
458,62210000,ΣΕΡΡΩΝ
459,62220000,ΣΕΡΡΩΝ
460,62610000,ΣΕΡΡΩΝ
461,62620000,ΣΕΡΡΩΝ
462,62630000,ΣΕΡΡΩΝ
463,13060000,ΑΧΑΙΑΣ
464,62640000,ΣΕΡΡΩΝ
465,42040000,ΛΑΡΙΣΑΣ
466,42260000,ΛΑΡΙΣΑΣ
467,51040000,ΓΡΕΒΕΝΩΝ
468,58010000,ΚΟΖΑΝΗΣ
469,58020000,ΚΟΖΑΝΗΣ
470,58030000,ΚΟΖΑΝΗΣ
471,58040000,ΚΟΖΑΝΗΣ
472,58050000,ΚΟΖΑΝΗΣ
473,58070000,ΚΟΖΑΝΗΣ
474,58080000,ΚΟΖΑΝΗΣ
475,58090000,ΚΟΖΑΝΗΣ
476,98190000,ΑΤΤΙΚΗΣ
477,58100000,ΚΟΖΑΝΗΣ
478,58110000,ΚΟΖΑΝΗΣ
479,58130000,ΚΟΖΑΝΗΣ
480,58140000,ΚΟΖΑΝΗΣ
481,58610000,ΚΟΖΑΝΗΣ
482,58620000,ΚΟΖΑΝΗΣ
483,53010000,ΗΜΑΘΙΑΣ
484,13610000,ΑΧΑΙΑΣ
485,53020000,ΗΜΑΘΙΑΣ
486,53030000,ΗΜΑΘΙΑΣ
487,53040000,ΗΜΑΘΙΑΣ
488,63640000,ΦΛΩΡΙΝΑΣ
489,1070000,ΑΙΤΩΛΟΑΚΑΡΝΑΝΙΑΣ
490,34010000,ΠΡΕΒΕΖΗΣ
491,53050000,ΗΜΑΘΙΑΣ
492,53060000,ΗΜΑΘΙΑΣ
493,53070000,ΗΜΑΘΙΑΣ
494,53080000,ΗΜΑΘΙΑΣ
495,53090000,ΗΜΑΘΙΑΣ
496,53100000,ΗΜΑΘΙΑΣ
497,53110000,ΗΜΑΘΙΑΣ
498,53120000,ΗΜΑΘΙΑΣ
499,59040000,ΠΕΛΛΑΣ
500,59060000,ΠΕΛΛΑΣ
501,4020000,ΕΥΒΟΙΑΣ
502,4620000,ΕΥΒΟΙΑΣ
503,6010000,ΦΘΙΩΤΙΔΑΣ
504,6060000,ΦΘΙΩΤΙΔΑΣ
505,6080000,ΦΘΙΩΤΙΔΑΣ
506,6100000,ΦΘΙΩΤΙΔΑΣ
507,6110000,ΦΘΙΩΤΙΔΑΣ
508,6120000,ΦΘΙΩΤΙΔΑΣ
509,6130000,ΦΘΙΩΤΙΔΑΣ
510,6160000,ΦΘΙΩΤΙΔΑΣ
511,81200000,ΔΩΔΕΚΑΝΗΣΩΝ
512,81220000,ΔΩΔΕΚΑΝΗΣΩΝ
513,81230000,ΔΩΔΕΚΑΝΗΣΩΝ
514,81240000,ΔΩΔΕΚΑΝΗΣΩΝ
515,81250000,ΔΩΔΕΚΑΝΗΣΩΝ
516,54090000,ΘΕΣΣΑΛΟΝΙΚΗΣ
517,54230000,ΘΕΣΣΑΛΟΝΙΚΗΣ
518,54250000,ΘΕΣΣΑΛΟΝΙΚΗΣ
519,57010000,ΚΙΛΚΙΣ
520,57020000,ΚΙΛΚΙΣ
521,57030000,ΚΙΛΚΙΣ
522,57050000,ΚΙΛΚΙΣ
523,57060000,ΚΙΛΚΙΣ
524,57070000,ΚΙΛΚΙΣ
525,57080000,ΚΙΛΚΙΣ
526,57090000,ΚΙΛΚΙΣ
527,57100000,ΚΙΛΚΙΣ
528,6610000,ΦΘΙΩΤΙΔΑΣ
529,7090000,ΦΩΚΙΔΟΣ
530,42190000,ΛΑΡΙΣΑΣ
531,3160000,ΒΟΙΩΤΙΑΣ
532,43610000,ΜΑΓΝΗΣΙΑΣ
533,85010000,ΧΙΟΥ
534,85020000,ΧΙΟΥ
535,85030000,ΧΙΟΥ
536,85040000,ΧΙΟΥ
537,54320000,ΘΕΣΣΑΛΟΝΙΚΗΣ
538,85050000,ΧΙΟΥ
539,85060000,ΧΙΟΥ
540,85070000,ΧΙΟΥ
541,85080000,ΧΙΟΥ
542,85090000,ΧΙΟΥ
543,85100000,ΧΙΟΥ
544,54330000,ΘΕΣΣΑΛΟΝΙΚΗΣ
545,1080000,ΑΙΤΩΛΟΑΚΑΡΝΑΝΙΑΣ
546,1120000,ΑΙΤΩΛΟΑΚΑΡΝΑΝΙΑΣ
547,4010000,ΕΥΒΟΙΑΣ
548,1190000,ΑΙΤΩΛΟΑΚΑΡΝΑΝΙΑΣ
549,4030000,ΕΥΒΟΙΑΣ
550,4040000,ΕΥΒΟΙΑΣ
551,1260000,ΑΙΤΩΛΟΑΚΑΡΝΑΝΙΑΣ
552,7070000,ΦΩΚΙΔΟΣ
553,13010000,ΑΧΑΙΑΣ
554,13030000,ΑΧΑΙΑΣ
555,13050000,ΑΧΑΙΑΣ
556,13070000,ΑΧΑΙΑΣ
557,4200000,ΕΥΒΟΙΑΣ
558,4210000,ΕΥΒΟΙΑΣ
559,13080000,ΑΧΑΙΑΣ
560,4220000,ΕΥΒΟΙΑΣ
561,4240000,ΕΥΒΟΙΑΣ
562,13090000,ΑΧΑΙΑΣ
563,13100000,ΑΧΑΙΑΣ
564,51030000,ΓΡΕΒΕΝΩΝ
565,51050000,ΓΡΕΒΕΝΩΝ
566,51060000,ΓΡΕΒΕΝΩΝ
567,51070000,ΓΡΕΒΕΝΩΝ
568,51080000,ΓΡΕΒΕΝΩΝ
569,13130000,ΑΧΑΙΑΣ
570,51630000,ΓΡΕΒΕΝΩΝ
571,13140000,ΑΧΑΙΑΣ
572,13160000,ΑΧΑΙΑΣ
573,13170000,ΑΧΑΙΑΣ
574,13180000,ΑΧΑΙΑΣ
575,13190000,ΑΧΑΙΑΣ
576,13200000,ΑΧΑΙΑΣ
577,13210000,ΑΧΑΙΑΣ
578,13620000,ΑΧΑΙΑΣ
579,63010000,ΦΛΩΡΙΝΑΣ
580,63030000,ΦΛΩΡΙΝΑΣ
581,63040000,ΦΛΩΡΙΝΑΣ
582,33160000,ΙΩΑΝΝΙΝΩΝ
583,33170000,ΙΩΑΝΝΙΝΩΝ
584,33190000,ΙΩΑΝΝΙΝΩΝ
585,33200000,ΙΩΑΝΝΙΝΩΝ
586,63050000,ΦΛΩΡΙΝΑΣ
587,63060000,ΦΛΩΡΙΝΑΣ
588,63070000,ΦΛΩΡΙΝΑΣ
589,34030000,ΠΡΕΒΕΖΗΣ
590,34070000,ΠΡΕΒΕΖΗΣ
591,3100000,ΒΟΙΩΤΙΑΣ
592,3130000,ΒΟΙΩΤΙΑΣ
593,3170000,ΒΟΙΩΤΙΑΣ
594,4060000,ΕΥΒΟΙΑΣ
595,4070000,ΕΥΒΟΙΑΣ
596,4080000,ΕΥΒΟΙΑΣ
597,4100000,ΕΥΒΟΙΑΣ
598,4110000,ΕΥΒΟΙΑΣ
599,4140000,ΕΥΒΟΙΑΣ
600,4150000,ΕΥΒΟΙΑΣ
601,4160000,ΕΥΒΟΙΑΣ
602,4170000,ΕΥΒΟΙΑΣ
603,4190000,ΕΥΒΟΙΑΣ
604,6150000,ΦΘΙΩΤΙΔΑΣ
605,6180000,ΦΘΙΩΤΙΔΑΣ
606,43050000,ΜΑΓΝΗΣΙΑΣ
607,98040000,ΑΤΤΙΚΗΣ
608,98710000,ΑΤΤΙΚΗΣ
609,51660000,ΓΡΕΒΕΝΩΝ
610,98750000,ΑΤΤΙΚΗΣ
611,51670000,ΓΡΕΒΕΝΩΝ
612,98760000,ΑΤΤΙΚΗΣ
613,98070000,ΑΤΤΙΚΗΣ
614,96140000,ΠΕΙΡΑΙΩΣ ΚΑΙ ΝΗΣΩΝ
615,96160000,ΠΕΙΡΑΙΩΣ ΚΑΙ ΝΗΣΩΝ
616,98770000,ΑΤΤΙΚΗΣ
617,98830000,ΑΤΤΙΚΗΣ
618,33680000,ΙΩΑΝΝΙΝΩΝ
619,33730000,ΙΩΑΝΝΙΝΩΝ
620,44110000,ΤΡΙΚΑΛΩΝ
621,44230000,ΤΡΙΚΑΛΩΝ
622,51010000,ΓΡΕΒΕΝΩΝ
623,51020000,ΓΡΕΒΕΝΩΝ
624,51610000,ΓΡΕΒΕΝΩΝ
625,51620000,ΓΡΕΒΕΝΩΝ
626,51640000,ΓΡΕΒΕΝΩΝ
627,51650000,ΓΡΕΒΕΝΩΝ
628,98700000,ΑΤΤΙΚΗΣ
629,56610000,ΚΑΣΤΟΡΙΑΣ
630,58160000,ΚΟΖΑΝΗΣ
631,58630000,ΚΟΖΑΝΗΣ
632,97060000,ΑΤΤΙΚΗΣ
633,99090000,ΑΤΤΙΚΗΣ
634,98050000,ΑΤΤΙΚΗΣ
635,82120000,ΚΥΚΛΑΔΩΝ
636,82130000,ΚΥΚΛΑΔΩΝ
637,82140000,ΚΥΚΛΑΔΩΝ
638,82150000,ΚΥΚΛΑΔΩΝ
639,98060000,ΑΤΤΙΚΗΣ
640,99120000,ΑΤΤΙΚΗΣ
641,99140000,ΑΤΤΙΚΗΣ
642,99010000,ΑΤΤΙΚΗΣ
643,82110000,ΚΥΚΛΑΔΩΝ
644,99040000,ΑΤΤΙΚΗΣ
645,99050000,ΑΤΤΙΚΗΣ
646,99060000,ΑΤΤΙΚΗΣ
647,82160000,ΚΥΚΛΑΔΩΝ
648,82170000,ΚΥΚΛΑΔΩΝ
649,82180000,ΚΥΚΛΑΔΩΝ
650,82190000,ΚΥΚΛΑΔΩΝ
651,33210000,ΙΩΑΝΝΙΝΩΝ
652,33220000,ΙΩΑΝΝΙΝΩΝ
653,33230000,ΙΩΑΝΝΙΝΩΝ
654,99150000,ΑΤΤΙΚΗΣ
655,33240000,ΙΩΑΝΝΙΝΩΝ
656,33250000,ΙΩΑΝΝΙΝΩΝ
657,82630000,ΚΥΚΛΑΔΩΝ
658,82640000,ΚΥΚΛΑΔΩΝ
659,82650000,ΚΥΚΛΑΔΩΝ
660,82660000,ΚΥΚΛΑΔΩΝ
661,33260000,ΙΩΑΝΝΙΝΩΝ
662,33270000,ΙΩΑΝΝΙΝΩΝ
663,33280000,ΙΩΑΝΝΙΝΩΝ
664,7010000,ΦΩΚΙΔΟΣ
665,7020000,ΦΩΚΙΔΟΣ
666,7030000,ΦΩΚΙΔΟΣ
667,99180000,ΑΤΤΙΚΗΣ
668,99190000,ΑΤΤΙΚΗΣ
669,82670000,ΚΥΚΛΑΔΩΝ
670,97030000,ΑΤΤΙΚΗΣ
671,82680000,ΚΥΚΛΑΔΩΝ
672,91230000,ΗΡΑΚΛΕΙΟΥ
673,82690000,ΚΥΚΛΑΔΩΝ
674,3010000,ΒΟΙΩΤΙΑΣ
675,3020000,ΒΟΙΩΤΙΑΣ
676,82700000,ΚΥΚΛΑΔΩΝ
677,5050000,ΕΥΡΥΤΑΝΙΑΣ
678,5060000,ΕΥΡΥΤΑΝΙΑΣ
679,5070000,ΕΥΡΥΤΑΝΙΑΣ
680,81140000,ΔΩΔΕΚΑΝΗΣΩΝ
681,81170000,ΔΩΔΕΚΑΝΗΣΩΝ
682,81180000,ΔΩΔΕΚΑΝΗΣΩΝ
683,5080000,ΕΥΡΥΤΑΝΙΑΣ
684,5090000,ΕΥΡΥΤΑΝΙΑΣ
685,81190000,ΔΩΔΕΚΑΝΗΣΩΝ
686,59100000,ΠΕΛΛΑΣ
687,62090000,ΣΕΡΡΩΝ
688,82710000,ΚΥΚΛΑΔΩΝ
689,12210000,ΑΡΚΑΔΙΑΣ
690,17010000,ΜΕΣΣΗΝΙΑΣ
691,17020000,ΜΕΣΣΗΝΙΑΣ
692,1050000,ΑΙΤΩΛΟΑΚΑΡΝΑΝΙΑΣ
693,1150000,ΑΙΤΩΛΟΑΚΑΡΝΑΝΙΑΣ
694,99320000,ΑΤΤΙΚΗΣ
695,99330000,ΑΤΤΙΚΗΣ
696,1170000,ΑΙΤΩΛΟΑΚΑΡΝΑΝΙΑΣ
697,4610000,ΕΥΒΟΙΑΣ
698,82090000,ΚΥΚΛΑΔΩΝ
699,98010000,ΑΤΤΙΚΗΣ
700,98020000,ΑΤΤΙΚΗΣ
701,98030000,ΑΤΤΙΚΗΣ
702,24010000,ΛΕΥΚΑΔΟΣ
703,97010000,ΑΤΤΙΚΗΣ
704,91240000,ΗΡΑΚΛΕΙΟΥ
705,91250000,ΗΡΑΚΛΕΙΟΥ
706,91260000,ΗΡΑΚΛΕΙΟΥ
707,93020000,ΡΕΘΥΜΝΟΥ
708,98610000,ΑΤΤΙΚΗΣ
709,93050000,ΡΕΘΥΜΝΟΥ
710,96090000,ΠΕΙΡΑΙΩΣ ΚΑΙ ΝΗΣΩΝ
711,96120000,ΠΕΙΡΑΙΩΣ ΚΑΙ ΝΗΣΩΝ
712,98850000,ΑΤΤΙΚΗΣ
713,98860000,ΑΤΤΙΚΗΣ
714,33640000,ΙΩΑΝΝΙΝΩΝ
715,24020000,ΛΕΥΚΑΔΟΣ
716,3050000,ΒΟΙΩΤΙΑΣ
717,24030000,ΛΕΥΚΑΔΟΣ
718,24040000,ΛΕΥΚΑΔΟΣ
719,24050000,ΛΕΥΚΑΔΟΣ
720,98090000,ΑΤΤΙΚΗΣ
721,24060000,ΛΕΥΚΑΔΟΣ
722,98100000,ΑΤΤΙΚΗΣ
723,24610000,ΛΕΥΚΑΔΟΣ
724,24620000,ΛΕΥΚΑΔΟΣ
725,54200000,ΘΕΣΣΑΛΟΝΙΚΗΣ
726,3030000,ΒΟΙΩΤΙΑΣ
727,98620000,ΑΤΤΙΚΗΣ
728,3060000,ΒΟΙΩΤΙΑΣ
729,98630000,ΑΤΤΙΚΗΣ
730,3080000,ΒΟΙΩΤΙΑΣ
731,98640000,ΑΤΤΙΚΗΣ
732,3090000,ΒΟΙΩΤΙΑΣ
733,3110000,ΒΟΙΩΤΙΑΣ
734,98110000,ΑΤΤΙΚΗΣ
735,98120000,ΑΤΤΙΚΗΣ
736,98130000,ΑΤΤΙΚΗΣ
737,98150000,ΑΤΤΙΚΗΣ
738,98160000,ΑΤΤΙΚΗΣ
739,98180000,ΑΤΤΙΚΗΣ
740,98200000,ΑΤΤΙΚΗΣ
741,3120000,ΒΟΙΩΤΙΑΣ
742,3180000,ΒΟΙΩΤΙΑΣ
743,91060000,ΗΡΑΚΛΕΙΟΥ
744,91170000,ΗΡΑΚΛΕΙΟΥ
745,92010000,ΛΑΣΙΘΙΟΥ
746,92020000,ΛΑΣΙΘΙΟΥ
747,92030000,ΛΑΣΙΘΙΟΥ
748,92040000,ΛΑΣΙΘΙΟΥ
749,94070000,ΧΑΝΙΩΝ
750,92050000,ΛΑΣΙΘΙΟΥ
751,92060000,ΛΑΣΙΘΙΟΥ
752,92070000,ΛΑΣΙΘΙΟΥ
753,92080000,ΛΑΣΙΘΙΟΥ
754,94610000,ΧΑΝΙΩΝ
755,4050000,ΕΥΒΟΙΑΣ
756,4120000,ΕΥΒΟΙΑΣ
757,93010000,ΡΕΘΥΜΝΟΥ
758,43020000,ΜΑΓΝΗΣΙΑΣ
759,93030000,ΡΕΘΥΜΝΟΥ
760,93040000,ΡΕΘΥΜΝΟΥ
761,11130000,ΑΡΓΟΛΙΔΟΣ
762,93060000,ΡΕΘΥΜΝΟΥ
763,93070000,ΡΕΘΥΜΝΟΥ
764,93080000,ΡΕΘΥΜΝΟΥ
765,93090000,ΡΕΘΥΜΝΟΥ
766,93100000,ΡΕΘΥΜΝΟΥ
767,93110000,ΡΕΘΥΜΝΟΥ
768,4250000,ΕΥΒΟΙΑΣ
769,42020000,ΛΑΡΙΣΑΣ
770,42050000,ΛΑΡΙΣΑΣ
771,42180000,ΛΑΡΙΣΑΣ
772,42240000,ΛΑΡΙΣΑΣ
773,43010000,ΜΑΓΝΗΣΙΑΣ
774,43030000,ΜΑΓΝΗΣΙΑΣ
775,43040000,ΜΑΓΝΗΣΙΑΣ
776,43060000,ΜΑΓΝΗΣΙΑΣ
777,43070000,ΜΑΓΝΗΣΙΑΣ
778,43090000,ΜΑΓΝΗΣΙΑΣ
779,43100000,ΜΑΓΝΗΣΙΑΣ
780,43110000,ΜΑΓΝΗΣΙΑΣ
781,43120000,ΜΑΓΝΗΣΙΑΣ
782,43130000,ΜΑΓΝΗΣΙΑΣ
783,43140000,ΜΑΓΝΗΣΙΑΣ
784,43150000,ΜΑΓΝΗΣΙΑΣ
785,43160000,ΜΑΓΝΗΣΙΑΣ
786,43170000,ΜΑΓΝΗΣΙΑΣ
787,43180000,ΜΑΓΝΗΣΙΑΣ
788,43190000,ΜΑΓΝΗΣΙΑΣ
789,43200000,ΜΑΓΝΗΣΙΑΣ
790,43210000,ΜΑΓΝΗΣΙΑΣ
791,43220000,ΜΑΓΝΗΣΙΑΣ
792,43620000,ΜΑΓΝΗΣΙΑΣ
793,43630000,ΜΑΓΝΗΣΙΑΣ
794,14120000,ΗΛΕΙΑΣ
795,43640000,ΜΑΓΝΗΣΙΑΣ
796,11010000,ΑΡΓΟΛΙΔΟΣ
797,11020000,ΑΡΓΟΛΙΔΟΣ
798,11030000,ΑΡΓΟΛΙΔΟΣ
799,11040000,ΑΡΓΟΛΙΔΟΣ
800,11050000,ΑΡΓΟΛΙΔΟΣ
801,11060000,ΑΡΓΟΛΙΔΟΣ
802,11070000,ΑΡΓΟΛΙΔΟΣ
803,11080000,ΑΡΓΟΛΙΔΟΣ
804,11090000,ΑΡΓΟΛΙΔΟΣ
805,11100000,ΑΡΓΟΛΙΔΟΣ
806,11110000,ΑΡΓΟΛΙΔΟΣ
807,11120000,ΑΡΓΟΛΙΔΟΣ
808,11140000,ΑΡΓΟΛΙΔΟΣ
809,14140000,ΗΛΕΙΑΣ
810,14150000,ΗΛΕΙΑΣ
811,11620000,ΑΡΓΟΛΙΔΟΣ
812,54340000,ΘΕΣΣΑΛΟΝΙΚΗΣ
813,12020000,ΑΡΚΑΔΙΑΣ
814,12040000,ΑΡΚΑΔΙΑΣ
815,96150000,ΠΕΙΡΑΙΩΣ ΚΑΙ ΝΗΣΩΝ
816,55010000,ΚΑΒΑΛΑΣ
817,54370000,ΘΕΣΣΑΛΟΝΙΚΗΣ
818,55020000,ΚΑΒΑΛΑΣ
819,55030000,ΚΑΒΑΛΑΣ
820,55040000,ΚΑΒΑΛΑΣ
821,55050000,ΚΑΒΑΛΑΣ
822,55060000,ΚΑΒΑΛΑΣ
823,55070000,ΚΑΒΑΛΑΣ
824,55080000,ΚΑΒΑΛΑΣ
825,55090000,ΚΑΒΑΛΑΣ
826,55100000,ΚΑΒΑΛΑΣ
827,54380000,ΘΕΣΣΑΛΟΝΙΚΗΣ
828,54390000,ΘΕΣΣΑΛΟΝΙΚΗΣ
829,54400000,ΘΕΣΣΑΛΟΝΙΚΗΣ
830,12100000,ΑΡΚΑΔΙΑΣ
831,12200000,ΑΡΚΑΔΙΑΣ
832,14010000,ΗΛΕΙΑΣ
833,14020000,ΗΛΕΙΑΣ
834,14030000,ΗΛΕΙΑΣ
835,54430000,ΘΕΣΣΑΛΟΝΙΚΗΣ
836,14040000,ΗΛΕΙΑΣ
837,14060000,ΗΛΕΙΑΣ
838,14080000,ΗΛΕΙΑΣ
839,54610000,ΘΕΣΣΑΛΟΝΙΚΗΣ
840,14090000,ΗΛΕΙΑΣ
841,54620000,ΘΕΣΣΑΛΟΝΙΚΗΣ
842,55110000,ΚΑΒΑΛΑΣ
843,72010000,ΞΑΝΘΗΣ
844,72020000,ΞΑΝΘΗΣ
845,72030000,ΞΑΝΘΗΣ
846,72040000,ΞΑΝΘΗΣ
847,72050000,ΞΑΝΘΗΣ
848,72060000,ΞΑΝΘΗΣ
849,72610000,ΞΑΝΘΗΣ
850,14100000,ΗΛΕΙΑΣ
851,14110000,ΗΛΕΙΑΣ
852,14160000,ΗΛΕΙΑΣ
853,14170000,ΗΛΕΙΑΣ
854,14180000,ΗΛΕΙΑΣ
855,14190000,ΗΛΕΙΑΣ
856,31010000,ΑΡΤΑΣ
857,14200000,ΗΛΕΙΑΣ
858,34610000,ΠΡΕΒΕΖΗΣ
859,14210000,ΗΛΕΙΑΣ
860,14220000,ΗΛΕΙΑΣ
861,17100000,ΜΕΣΣΗΝΙΑΣ
862,41010000,ΚΑΡΔΙΤΣΑΣ
863,41030000,ΚΑΡΔΙΤΣΑΣ
864,41050000,ΚΑΡΔΙΤΣΑΣ
865,41060000,ΚΑΡΔΙΤΣΑΣ
866,41070000,ΚΑΡΔΙΤΣΑΣ
867,41080000,ΚΑΡΔΙΤΣΑΣ
868,41090000,ΚΑΡΔΙΤΣΑΣ
869,41100000,ΚΑΡΔΙΤΣΑΣ
870,41120000,ΚΑΡΔΙΤΣΑΣ
871,72640000,ΞΑΝΘΗΣ
872,41130000,ΚΑΡΔΙΤΣΑΣ
873,81020000,ΔΩΔΕΚΑΝΗΣΩΝ
874,81040000,ΔΩΔΕΚΑΝΗΣΩΝ
875,41140000,ΚΑΡΔΙΤΣΑΣ
876,41150000,ΚΑΡΔΙΤΣΑΣ
877,41170000,ΚΑΡΔΙΤΣΑΣ
878,41180000,ΚΑΡΔΙΤΣΑΣ
879,41190000,ΚΑΡΔΙΤΣΑΣ
880,41200000,ΚΑΡΔΙΤΣΑΣ
881,41610000,ΚΑΡΔΙΤΣΑΣ
882,42090000,ΛΑΡΙΣΑΣ
883,42280000,ΛΑΡΙΣΑΣ
884,1060000,ΑΙΤΩΛΟΑΚΑΡΝΑΝΙΑΣ
885,1140000,ΑΙΤΩΛΟΑΚΑΡΝΑΝΙΑΣ
886,1180000,ΑΙΤΩΛΟΑΚΑΡΝΑΝΙΑΣ
887,31020000,ΑΡΤΑΣ
888,31030000,ΑΡΤΑΣ
889,31040000,ΑΡΤΑΣ
890,31050000,ΑΡΤΑΣ
891,31060000,ΑΡΤΑΣ
892,31070000,ΑΡΤΑΣ
893,31080000,ΑΡΤΑΣ
894,31090000,ΑΡΤΑΣ
895,31100000,ΑΡΤΑΣ
896,31110000,ΑΡΤΑΣ
897,31120000,ΑΡΤΑΣ
898,31130000,ΑΡΤΑΣ
899,44620000,ΤΡΙΚΑΛΩΝ
900,31610000,ΑΡΤΑΣ
901,31620000,ΑΡΤΑΣ
902,34020000,ΠΡΕΒΕΖΗΣ
903,54010000,ΘΕΣΣΑΛΟΝΙΚΗΣ
904,34040000,ΠΡΕΒΕΖΗΣ
905,34050000,ΠΡΕΒΕΖΗΣ
906,34080000,ΠΡΕΒΕΖΗΣ
907,54040000,ΘΕΣΣΑΛΟΝΙΚΗΣ
908,41040000,ΚΑΡΔΙΤΣΑΣ
909,54050000,ΘΕΣΣΑΛΟΝΙΚΗΣ
910,44630000,ΤΡΙΚΑΛΩΝ
911,64120000,ΧΑΛΚΙΔΙΚΗΣ
912,64130000,ΧΑΛΚΙΔΙΚΗΣ
913,65010000,ΑΓΙΟ ΟΡΟΣ
914,83040000,ΛΕΣΒΟΥ
915,83120000,ΛΕΣΒΟΥ
916,83130000,ΛΕΣΒΟΥ
917,83140000,ΛΕΣΒΟΥ
918,54150000,ΘΕΣΣΑΛΟΝΙΚΗΣ
919,83610000,ΛΕΣΒΟΥ
920,54020000,ΘΕΣΣΑΛΟΝΙΚΗΣ
921,54060000,ΘΕΣΣΑΛΟΝΙΚΗΣ
922,54100000,ΘΕΣΣΑΛΟΝΙΚΗΣ
923,54110000,ΘΕΣΣΑΛΟΝΙΚΗΣ
924,54120000,ΘΕΣΣΑΛΟΝΙΚΗΣ
925,54130000,ΘΕΣΣΑΛΟΝΙΚΗΣ
926,54140000,ΘΕΣΣΑΛΟΝΙΚΗΣ
927,54160000,ΘΕΣΣΑΛΟΝΙΚΗΣ
928,54220000,ΘΕΣΣΑΛΟΝΙΚΗΣ
929,54240000,ΘΕΣΣΑΛΟΝΙΚΗΣ
930,54270000,ΘΕΣΣΑΛΟΝΙΚΗΣ
931,54300000,ΘΕΣΣΑΛΟΝΙΚΗΣ
932,54310000,ΘΕΣΣΑΛΟΝΙΚΗΣ
933,54410000,ΘΕΣΣΑΛΟΝΙΚΗΣ
934,54420000,ΘΕΣΣΑΛΟΝΙΚΗΣ
935,72620000,ΞΑΝΘΗΣ
936,72630000,ΞΑΝΘΗΣ
937,73610000,ΡΟΔΟΠΗΣ
938,81010000,ΔΩΔΕΚΑΝΗΣΩΝ
939,81050000,ΔΩΔΕΚΑΝΗΣΩΝ
940,81060000,ΔΩΔΕΚΑΝΗΣΩΝ
941,81080000,ΔΩΔΕΚΑΝΗΣΩΝ
942,81090000,ΔΩΔΕΚΑΝΗΣΩΝ
943,81110000,ΔΩΔΕΚΑΝΗΣΩΝ
944,17030000,ΜΕΣΣΗΝΙΑΣ
945,17040000,ΜΕΣΣΗΝΙΑΣ
946,17050000,ΜΕΣΣΗΝΙΑΣ
947,17240000,ΜΕΣΣΗΝΙΑΣ
948,17060000,ΜΕΣΣΗΝΙΑΣ
949,17070000,ΜΕΣΣΗΝΙΑΣ
950,17080000,ΜΕΣΣΗΝΙΑΣ
951,17090000,ΜΕΣΣΗΝΙΑΣ
952,17110000,ΜΕΣΣΗΝΙΑΣ
953,17120000,ΜΕΣΣΗΝΙΑΣ
954,17130000,ΜΕΣΣΗΝΙΑΣ
955,17150000,ΜΕΣΣΗΝΙΑΣ
956,17160000,ΜΕΣΣΗΝΙΑΣ
957,17170000,ΜΕΣΣΗΝΙΑΣ
958,17180000,ΜΕΣΣΗΝΙΑΣ
959,17200000,ΜΕΣΣΗΝΙΑΣ
960,17210000,ΜΕΣΣΗΝΙΑΣ
961,17220000,ΜΕΣΣΗΝΙΑΣ
962,17230000,ΜΕΣΣΗΝΙΑΣ
963,17250000,ΜΕΣΣΗΝΙΑΣ
964,17620000,ΜΕΣΣΗΝΙΑΣ
965,17260000,ΜΕΣΣΗΝΙΑΣ
966,17270000,ΜΕΣΣΗΝΙΑΣ
967,17280000,ΜΕΣΣΗΝΙΑΣ
968,17290000,ΜΕΣΣΗΝΙΑΣ
969,17610000,ΜΕΣΣΗΝΙΑΣ
970,22080000,ΚΕΡΚΥΡΑΣ
971,22110000,ΚΕΡΚΥΡΑΣ
972,32010000,ΘΕΣΠΡΩΤΙΑΣ
973,32610000,ΘΕΣΠΡΩΤΙΑΣ
974,32020000,ΘΕΣΠΡΩΤΙΑΣ
975,44070000,ΤΡΙΚΑΛΩΝ
976,32030000,ΘΕΣΠΡΩΤΙΑΣ
977,32040000,ΘΕΣΠΡΩΤΙΑΣ
978,32050000,ΘΕΣΠΡΩΤΙΑΣ
979,32060000,ΘΕΣΠΡΩΤΙΑΣ
980,32070000,ΘΕΣΠΡΩΤΙΑΣ
981,32080000,ΘΕΣΠΡΩΤΙΑΣ
982,32620000,ΘΕΣΠΡΩΤΙΑΣ
983,33070000,ΙΩΑΝΝΙΝΩΝ
984,34060000,ΠΡΕΒΕΖΗΣ
985,44100000,ΤΡΙΚΑΛΩΝ
986,41020000,ΚΑΡΔΙΤΣΑΣ
987,41110000,ΚΑΡΔΙΤΣΑΣ
988,42620000,ΛΑΡΙΣΑΣ
989,44010000,ΤΡΙΚΑΛΩΝ
990,44020000,ΤΡΙΚΑΛΩΝ
991,44030000,ΤΡΙΚΑΛΩΝ
992,44040000,ΤΡΙΚΑΛΩΝ
993,44050000,ΤΡΙΚΑΛΩΝ
994,44060000,ΤΡΙΚΑΛΩΝ
995,44080000,ΤΡΙΚΑΛΩΝ
996,44090000,ΤΡΙΚΑΛΩΝ
997,44120000,ΤΡΙΚΑΛΩΝ
998,44130000,ΤΡΙΚΑΛΩΝ
999,44140000,ΤΡΙΚΑΛΩΝ
1000,44150000,ΤΡΙΚΑΛΩΝ
1001,44160000,ΤΡΙΚΑΛΩΝ
1002,22620000,ΚΕΡΚΥΡΑΣ
1003,44170000,ΤΡΙΚΑΛΩΝ
1004,22630000,ΚΕΡΚΥΡΑΣ
1005,83010000,ΛΕΣΒΟΥ
1006,83050000,ΛΕΣΒΟΥ
1007,44180000,ΤΡΙΚΑΛΩΝ
1008,44190000,ΤΡΙΚΑΛΩΝ
1009,44200000,ΤΡΙΚΑΛΩΝ
1010,44210000,ΤΡΙΚΑΛΩΝ
1011,22010000,ΚΕΡΚΥΡΑΣ
1012,83100000,ΛΕΣΒΟΥ
1013,22020000,ΚΕΡΚΥΡΑΣ
1014,22030000,ΚΕΡΚΥΡΑΣ
1015,22040000,ΚΕΡΚΥΡΑΣ
1016,22050000,ΚΕΡΚΥΡΑΣ
1017,22060000,ΚΕΡΚΥΡΑΣ
1018,22070000,ΚΕΡΚΥΡΑΣ
1019,22090000,ΚΕΡΚΥΡΑΣ
1020,22100000,ΚΕΡΚΥΡΑΣ
1021,22120000,ΚΕΡΚΥΡΑΣ
1022,22130000,ΚΕΡΚΥΡΑΣ
1023,22610000,ΚΕΡΚΥΡΑΣ
1024,83020000,ΛΕΣΒΟΥ
1025,83060000,ΛΕΣΒΟΥ
1026,83070000,ΛΕΣΒΟΥ
1027,83080000,ΛΕΣΒΟΥ
1028,83090000,ΛΕΣΒΟΥ
1029,83110000,ΛΕΣΒΟΥ
1030,83150000,ΛΕΣΒΟΥ
1031,83160000,ΛΕΣΒΟΥ
1032,83170000,ΛΕΣΒΟΥ
1033,1100000,ΑΙΤΩΛΟΑΚΑΡΝΑΝΙΑΣ
1034,1010000,ΑΙΤΩΛΟΑΚΑΡΝΑΝΙΑΣ
